agency_name,arrondissement,telephone,website
My Casa Immobilier Lyon 2,Lyon 2,04 72 60 97 02,mycasa-immobilier.com
My Casa Immobilier Lyon 4,Lyon 4,04 78 35 28 39,mycasa-immobilier.com
My Casa Immobilier Lyon 6,Lyon 6,04 78 24 06 36,mycasa-immobilier.com
NOVEA Immobilier Lyon 4,Lyon 4,04 72 08 00 27,novea-immobilier.fr
NOVEA Immobilier Lyon 5,Lyon 5,04 26 07 10 96,novea-immobilier.fr
NOVEA Immobilier Lyon 6,Lyon 6,04 37 72 95 36,novea-immobilier.fr
NOVEA Immobilier Gestion,Saint-Romain,04 78 33 61 72,novea-immobilier.fr
Agence des Pentes,Lyon 1,04 87 25 53 89,agencedespentes.fr
SLCI Espace Immobilier Lyon 6,Lyon 6,04 72 82 39 60,regie-simonneau.com
Centrale Immobilière Lyon 6 Emeraudes,Lyon 6,04 72 83 20 00,rci69.fr
Centrale Immobilière Lyon 6 Thiers,Lyon 6,04 78 68 21 31,rci69.fr
Bureau Sully,Lyon 6,06 30 77 29 48,bureausully.com
Louise et Charles Immobilier,Lyon 2,06 88 90 89 75,louise-charles.com
Bussat Immobilier,Lyon 2,04 78 37 22 82,bussat-immobilier.com
Les Adresses Confidentielles,Lyon 2,04 78 89 39 21,lesadressesconfidentielles.com
Hosman Lyon 2,Lyon 2,04 65 84 26 95,hosman.co
Hosman Lyon 8,Lyon 8,04 65 84 26 95,hosman.co
IMMO de France Rhône-Alpes,Lyon 3,04 72 75 40 00,immodefrance-cifv.fr
IMMO DE FRANCE TRANSACTION KLEBER,Lyon 6,04 72 83 20 00,immodefrance-cifv.fr
AdressePRO,Lyon 3,04 37 28 17 00,adressepro.fr
Pietrapolis Lyon 3 Préfecture,Lyon 3,04 72 85 32 00,pietrapolis.fr
Pietrapolis Lyon 7,Lyon 7,04 72 76 30 00,pietrapolis.fr
Pietrapolis Caluire,Caluire,06 62 90 32 00,pietrapolis.fr
ANTOINETTE IMMOBILIER,Lyon 3,04 78 54 86 52,seloger.com
LOC'A,Lyon 3,04 78 14 58 30,loca.fr
L'Immobilière Franco-Suisse Rhône,Lyon 7,04 87 61 14 65,immobiliere-francosuisse.fr
L'Agence du LMNP,Lyon 7,04 37 28 60 50,agencedulmnp.fr
Régie Nouvelle,Lyon,04 72 71 16 00,fapil.fr
CONFIANCE IMMOBILIER Siège,Lyon,04 37 65 14 24,groupeconfiance.fr
CONFIANCE IMMOBILIER Lumière,Lyon 8,04 72 78 89 87,groupeconfiance.fr
CEGEA IMMOBILIER,Lyon 7,04 37 66 66 60,cegea-immobilier.fr
Focus Immo,Lyon 8,06 01 84 78 51,focus-immo.fr
Lyon Immobilier,Lyon 8,04 78 74 20 20,lyonimmo.net
Agence Confluence,Lyon 2,04 72 93 27 21,agenceconfluence.com
Angela Investissements,Lyon 2,07 65 21 37 13,bienici.com
CROIX ROUSSE IMMOBILIER,Lyon 4,04 78 39 94 00,croix-rousse-immobilier.com
ELEMENT CLE,Lyon 2,06 14 87 59 00,bienici.com
BARNES Lyon 6,Lyon 6,04 78 15 90 90,barnes-lyon.com
Dufossé Immobilier,Lyon 2,04 78 84 00 00,dufosse-immobilier.com
Michaël Zingraf Real Estate,Lyon 6,04 78 15 00 00,michaelzingraf.com
Espaces Atypiques Lyon,Lyon 2,04 78 38 31 31,espaces-atypiques.com
Vavassori Immobilier,Lyon 6,04 72 74 19 40,vavassori-immobilier.com
Arlim Presqu'île,Lyon 2,04 78 42 00 24,arlim.com
Arlim Lafayette,Lyon 6,04 78 52 16 16,arlim.com
NCI Immobilier,Lyon 6,04 78 62 76 60,nci-immobilier.fr
Majoux-Virieux,Lyon 6,04 78 24 07 40,majoux-virieux.com
Saxe Immobilier,Lyon 3,04 78 60 40 40,saxe-immobilier.com
Immobilier de la Tête d'Or,Lyon 6,04 78 24 64 64,immo-tetedor.com
Corneille Immobilier,Lyon 6,04 78 93 18 18,corneille-immobilier.fr
Les Gones de l'Immo,Lyon / Craponne,04 78 46 25 95,gones.immo
